{
  "p99_latency_ms": 1301.8110526102462,
  "ndcg@10": 0.267838412147513,
  "zero_result_rate": 0.09333333333333334,
  "conversion_per_search": 0.8026666666666668
}